Player,Age,Elo,HardRaw,ClayRaw,GrassRaw,hElo,cElo,gElo,Peak Match,Peak Age,Peak Elo
Carlos Alcaraz,19.9,2159.5,2037,2014.7,1500,2098.2,2087.1,1829.8,2022 Roland Garros R16,19,2224.5
Novak Djokovic,35.9,2151.9,2075.4,1891.4,1871.6,2113.7,2021.6,2011.7,2016 Miami F,28.8,2470.1
Daniil Medvedev,27.1,2132.8,2060.8,1730.7,1731.8,2096.8,1931.7,1932.3,2022 Australian Open SF,25.9,2191.8
Jannik Sinner,21.6,2101.4,1996.4,1965.4,1543.3,2048.9,2033.4,1822.4,2023 Miami SF,21.5,2110
Stefanos Tsitsipas,24.6,2047,1922.4,2017.8,1711,1984.7,2032.4,1879,2021 Roland Garros SF,22.8,2133.3
Holger Rune,19.9,2040,1906.6,1860.2,1351.8,1973.3,1950.1,1695.9,2023 Munich F,19.9,2040
Andrey Rublev,25.4,2026.8,1912.7,1904.6,1611.8,1969.8,1965.7,1819.3,2021 Monte Carlo SF,23.4,2106.1
Taylor Fritz,25.4,2022.7,1930.7,1767.7,1663.6,1976.7,1895.2,1843.1,2023 Monte Carlo QF,25.4,2041.2
Felix Auger Aliassime,22.6,1991.8,1896,1785.1,1687.8,1943.9,1888.5,1839.8,2022 Paris QF,22.2,2053
Matteo Berrettini,26.9,1960.4,1764.7,1902,1953.9,1862.6,1931.2,1957.2,2022 Gstaad SF,26.2,2072.5
Cameron Norrie,27.6,1955,1851.4,1884.4,1660.7,1903.2,1919.7,1807.8,2022 Cincinnati QF,26.9,2018.3
Hubert Hurkacz,26.1,1945.2,1859.6,1740.4,1753.3,1902.4,1842.8,1849.3,2022 Canada SF,25.4,1998
Frances Tiafoe,25.2,1940.4,1854.1,1724.4,1604,1897.3,1832.4,1772.2,2023 Houston F,25.1,1955.1
Karen Khachanov,26.9,1939.8,1833.3,1801.9,1689.1,1886.6,1870.8,1814.4,2018 Paris F,22.4,2015.2
Casper Ruud,24.3,1935,1780.4,1949.5,1426.5,1857.7,1942.2,1680.7,2022 Roland Garros SF,23.4,2063.9
Tommy Paul,25.8,1927.9,1867.1,1573.1,1629.1,1897.5,1750.5,1778.5,2023 Miami R32,25.8,1953.2
Alex De Minaur,24.1,1927,1843.9,1636.1,1651.9,1885.5,1781.6,1789.5,2020 Atp Cup RR,20.8,1993.4
Rafael Nadal,36.6,1923.7,1756.2,1853.4,1505.2,1840,1888.6,1714.5,2009 Madrid SF,22.9,2370.1
Alexander Zverev,25.9,1915.1,1796.2,1877.9,1546.2,1855.7,1896.5,1730.7,2022 Atp Cup RR,24.7,2161.6
Nick Kyrgios,27.4,1907.9,1762.1,1500,1631,1835,1703.9,1769.4,2017 Cincinnati SF,22.2,2089.3
Jack Draper,21.2,1903.8,1833.4,1419.2,1527.4,1868.6,1661.5,1715.6,2023 Monte Carlo R64,21.2,1921.6
Grigor Dimitrov,31.9,1903.1,1798.9,1771.5,1517.5,1851,1837.3,1710.3,2014 Canada QF,23.2,2090.5
Sebastian Korda,22.5,1890.6,1803.3,1603.5,1500,1847,1747.1,1695.3,2023 Australian Open R16,22.5,2005.6
Jiri Lehecka,21.4,1881.2,1765.3,1726.6,1370.7,1823.3,1803.9,1626,2023 Doha QF,21.2,1901.1
Botic Van De Zandschulp,27.5,1876.4,1757.2,1749.7,1584.2,1816.8,1813.1,1730.3,2022 Tel Aviv R32,26.9,1929
Pablo Carreno Busta,31.5,1875.5,1763.2,1821.8,1480.5,1819.4,1848.7,1678,2021 Winston-Salem R16,30.1,2001.9
Andy Murray,35.9,1859.7,1739.3,1779.3,1694.7,1799.5,1819.5,1777.2,2017 Doha SF,29.6,2347.1
Borna Coric,26.4,1858.5,1809,1696.2,1620.3,1833.8,1777.3,1739.4,2019 Australian Open R32,22.1,1999.1
Alejandro Davidovich Fokina,23.8,1850,1726,1770.9,1531.8,1788,1810.4,1690.9,2021 Roland Garros R16,21.9,1928.3
Brandon Nakashima,21.6,1844.4,1731.5,1559.4,1665.8,1788,1701.9,1755.1,2021 NextGen Finals RR,20.2,1897.6
Yoshihito Nishioka,27.5,1842.1,1770.9,1577.5,1374.5,1806.5,1709.8,1608.3,2023 Australian Open R32,27.3,1891.9
Roberto Bautista Agut,35,1841.7,1749.3,1700.8,1715.1,1795.5,1771.3,1778.4,2016 Rotterdam R16,27.8,2014.4
Lorenzo Musetti,21.1,1834,1675.4,1830,1310.1,1754.7,1832,1572.1,2022 Paris R16,20.6,1925.3
Francisco Cerundolo,24.6,1831.8,1698.1,1787.7,1368.5,1765,1809.7,1600.2,2022 Hamburg QF,23.9,1855.3
Reilly Opelka,24.9,1831.5,1808.1,1679.3,1374.7,1819.8,1755.4,1603.1,2022 Houston F,24.5,1936.4
Denis Shapovalov,24,1830.3,1752.7,1727,1565,1791.5,1778.7,1697.7,2020 Auckland R16,20.7,1970.1
Lorenzo Sonego,27.9,1825.3,1721,1660.9,1628.4,1773.1,1743.1,1726.9,2021 Rome QF,25.9,1887.9
Jenson Brooksby,22.2,1823.9,1777,1607.9,1542.4,1800.5,1715.9,1683.2,2022 Miami R32,21.3,1995.7
John Isner,37.9,1823.2,1719.1,1724.3,1691.5,1771.2,1773.8,1757.4,2012 US Open R64,27.3,2039.8
Emil Ruusuvuori,24,1821.5,1743,1595.2,1531.7,1782.2,1708.3,1676.6,2022 Munich R16,23,1866.1
Miomir Kecmanovic,23.6,1819.9,1715.6,1750.3,1517.3,1767.7,1785.1,1668.6,2022 Munich QF,22.6,1895.2
Yibing Wu,23.5,1815,1755.8,1344.2,-,1785.4,1579.6,1607.5,2023 Indian Wells R128,23.3,1874.4
Cristian Garin,26.8,1809.3,1660,1701.2,1641.2,1734.7,1755.2,1725.3,2021 Bastad R16,25.1,1888.3
Tallon Griekspoor,26.7,1808.7,1740,1707.5,1598.5,1774.3,1758.1,1703.6,2022 Australian Open R128,25.5,1924.9
Stan Wawrinka,38,1808.5,1742,1651.3,1462.5,1775.3,1729.9,1635.5,2016 Australian Open R32,30.8,2144.1
Thanasi Kokkinakis,26.9,1807.8,1736.6,1668.7,1396.3,1772.2,1738.3,1602,2015 Queen's Club R32,19.1,1867.7
Daniel Evans,32.9,1806.1,1712.7,1664.6,1685.9,1759.4,1735.3,1746,2021 Monte Carlo QF,30.8,1887.4
Corentin Moutet,23.7,1804.7,1707.3,1664.3,1483.1,1756,1734.5,1643.9,2023 Australian Open R128,23.7,1820.1
Jan Lennard Struff,32.9,1801.1,1707.3,1725.1,1458.3,1754.2,1763.1,1629.7,2019 Wimbledon R64,29.1,1898.4
Alex Molcan,25.3,1801.1,1650.1,1758.9,1532.4,1725.6,1780,1666.8,2022 Hamburg R16,24.6,1848.5
Marton Fucsovics,31.1,1796.4,1691.2,1660.3,1626.6,1743.8,1728.4,1711.5,2021 Miami R64,29.1,1924.5
J J Wolf,24.2,1792,1707.4,1494,-,1749.7,1643,1596,2023 Dallas QF,24.1,1844.9
Marin Cilic,34.2,1788.7,1659.3,1662,1664.9,1724,1725.3,1726.8,2010 Dubai R16,21.4,2094.5
Benjamin Bonzi,26.8,1788.6,1692.4,1580.3,1651.3,1740.5,1684.5,1720,2022 Mallorca QF,26,1816.6
David Goffin,32.3,1787.5,1654.3,1765.4,1721.9,1720.9,1776.4,1754.7,2017 Rome R32,26.4,2038.6
Dusan Lajovic,32.7,1786.8,1574,1756.1,1316.4,1680.4,1771.5,1551.6,2018 Beijing R16,28.2,1845.6
Mackenzie Mcdonald,28,1786.4,1731.9,1523.3,1567,1759.1,1654.8,1676.7,2023 Miami R64,27.9,1832.8
Soon Woo Kwon,25.2,1785.9,1719.1,1529.8,1465.6,1752.5,1657.9,1625.7,2023 Adelaide 2 F,25.1,1822.1
Mikael Ymer,24.4,1784.1,1700.3,1531.8,1467,1742.2,1657.9,1625.6,2019 Stockholm R32,21,1875.4
Nicolas Jarry,27.5,1780.8,1525.9,1756.6,1493.8,1653.3,1768.7,1637.3,2018 Shanghai R32,22.9,1810.8
Quentin Halys,26.4,1780.4,1670.4,1577,1497.2,1725.4,1678.7,1638.8,2023 Estoril QF,26.4,1796.4
Ilya Ivashka,29.1,1779.7,1661.3,1662.8,1616.5,1720.5,1721.3,1698.1,2021 Nur-Sultan QF,27.5,1911.8
Diego Schwartzman,30.6,1774.6,1680.8,1779.5,1461.3,1727.7,1777.1,1618,2020 Paris R16,28.2,1973.2
Nuno Borges,26.1,1773.9,1738,1545.8,1459.3,1755.9,1659.8,1616.6,2023 Miami Qual,26,1794.3
Leandro Riedi,21.1,1773.4,1709.4,1256.5,-,1741.4,1514.9,1586.7,2023 Canberra CH SF,20.9,1809.6
Marcos Giron,29.7,1770.8,1677.1,1529,1552.5,1724,1649.9,1661.7,2021 Paris R32,28.2,1843.1
Ben Shelton,20.5,1767.4,1686.8,1371.6,-,1727.1,1569.5,1583.7,2023 Australian Open R16,20.2,1844.1
Dominic Thiem,29.6,1765.1,1711.4,1665.9,1500,1738.3,1715.5,1632.6,2016 Halle R16,22.7,2123.4
Lloyd Harris,26,1763.5,1708.3,1552.5,1431.5,1735.9,1658,1597.5,2021 Antwerp QF,24.6,1889.9
Luca Van Assche,18.9,1761.6,1594.6,1679.7,-,1678.1,1720.7,1580.8,2023 Estoril R32,18.8,1780.2
Richard Gasquet,36.8,1760.5,1685.1,1622.9,1614.9,1722.8,1691.7,1687.7,2013 Monte Carlo R16,26.8,2051.9
Adrian Mannarino,34.7,1760.1,1720.2,1409.4,1621.1,1740.2,1584.8,1690.6,2018 Australian Open R64,29.5,1884.6
Filip Krajinovic,31.1,1759.3,1635.2,1732.7,1546.3,1697.2,1746,1652.8,2020 Rome R32,28.5,1939.3
Hugo Dellien,29.7,1757.6,1344.4,1718.5,1337,1551,1738.1,1547.3,2023 Santiago CH F,29.7,1768.4
Tomas Martin Etcheverry,23.7,1755.6,1503.7,1713.2,1335.5,1629.6,1734.4,1545.6,2021 Cordenons CH SF,22,1782.3
Christopher Oconnell,28.8,1753.1,1610.6,1668.8,1556,1681.8,1711,1654.5,2022 Chicago CH R32,28.1,1760.4
Laslo Djere,27.8,1752.9,1619.7,1704.1,1269.1,1686.3,1728.5,1511,2021 Gstaad QF,26.1,1805.6
Kamil Majchrzak,26.7,1752.6,1669.1,1628.6,1573.5,1710.8,1690.6,1663,2022 Pune QF,26,1784
Yosuke Watanuki,24.9,1750,1670.7,1562.3,1435.4,1710.4,1656.2,1592.7,2023 Monterrey CH QF,24.8,1780.7
Arthur Rinderknech,27.6,1748.9,1664.6,1661.9,1497.9,1706.8,1705.4,1623.4,2022 Basel R16,27.2,1861.7
Ugo Humbert,24.8,1748.3,1677,1439.3,1592.9,1712.7,1593.8,1670.6,2021 Tokyo Olympics R16,23,1915.5
Maxime Cressy,25.9,1747.7,1651.4,1360.7,1734.4,1699.5,1554.2,1741,2023 Rotterdam R32,25.7,1835.7
Gregoire Barrere,29.1,1744.9,1689.5,1444.7,1513.5,1717.2,1594.8,1629.2,2023 Marseille R32,29,1795.9
Tomas Machac,22.4,1741.2,1607.8,1648.6,1418.4,1674.5,1694.9,1579.8,2022 Cassis CH QF,21.8,1795.8
Bernabe Zapata Miralles,26.2,1736.1,1452.9,1736.7,1577.7,1594.5,1736.4,1656.9,2023 Estoril R16,26.2,1760.8
Jason Kubler,29.9,1732.3,1589.1,1527.8,1680.5,1660.7,1630,1706.4,2022 Newport QF,29.1,1791.3
Alexander Bublik,25.8,1731.1,1663,1459.3,1674.8,1697,1595.2,1702.9,2022 Basel R16,25.3,1852.5
Christopher Eubanks,26.8,1731,1656,1326.8,1439.9,1693.5,1528.9,1585.5,2023 Miami R16,26.8,1733.5
Taro Daniel,30.2,1729.2,1653,1588.9,1388.7,1691.1,1659.1,1559,2023 Monte Carlo Qual,30.1,1746.5
Roberto Carballes Baena,30,1726.8,1533.9,1665.1,1364.6,1630.4,1695.9,1545.7,2019 Queen's Club Qual,26.2,1749.7
Yannick Hanfmann,31.4,1723.7,1531.8,1678.4,1393.2,1627.8,1701,1558.5,2017 Gstaad SF,25.6,1763.9
Aljaz Bedene,33.1,1722.1,1649.4,1671,1479,1685.7,1696.6,1600.6,2017 Wimbledon R64,27.9,1904.2
Sebastian Baez,22.2,1721.2,1398.5,1767.5,1441.8,1559.8,1744.4,1581.5,2022 Bastad SF,21.5,1934.5
Constant Lestienne,30.8,1719.5,1677.5,1332.5,1412.5,1698.5,1526,1566,2023 Australian Open R128,30.6,1776.3
Zsombor Piros,23.5,1712.9,1442.6,1715.3,1457.9,1577.7,1714.1,1585.4,2023 Oeiras 3 CH F,23.5,1712.9
Jordan Thompson,28.9,1712.8,1656.9,1411,1618.1,1684.9,1561.9,1665.4,2019 s Hertogenbosch SF,25.1,1792.8
Fabio Fognini,35.8,1712.2,1628.9,1704.2,1600.6,1670.5,1708.2,1656.4,2014 Munich SF,26.9,2007.8
Dominic Stricker,20.5,1711.9,1652.3,1517.4,1450.7,1682.1,1614.7,1581.3,2021 Stuttgart R16,18.7,1792.1
Max Purcell,24.9,1707,1643,1356.1,1595.7,1675,1531.5,1651.3,2023 Les Franqueses Del Valles CH QF,24.9,1728.2
Alexei Popyrin,23.6,1703.1,1583.3,1666.5,1504.5,1643.2,1684.8,1603.8,2021 Madrid R32,21.7,1809.7
Kyle Edmund,28.2,1702.1,1649.7,1633.7,1462.9,1675.9,1667.9,1582.5,2019 Miami R32,24.1,1943.9
Borna Gojo,25.1,1701.7,1636.9,1511,1256.6,1669.3,1606.3,1479.1,2023 Murcia CH SF,25,1744.3
Pavel Kotov,24.4,1701.2,1509.4,1694,-,1605.3,1697.6,1550.6,2022 Bastad Qual,23.6,1738.4
Arthur Fils,18.8,1700.7,1682.8,1319.2,-,1691.7,1509.9,1550.3,2023 Marseille QF,18.6,1804.2
Juan Pablo Varillas,27.5,1698.4,1302.7,1680.7,1286.9,1500.5,1689.5,1492.6,2023 Rio De Janeiro R32,27.3,1725.7
Jack Sock,30.5,1694.3,1608.9,1618.6,1647.3,1651.6,1656.4,1670.8,2017 Indian Wells QF,24.4,2037.2
Thiago Monteiro,28.8,1693.2,1538.4,1675.7,1450.6,1615.8,1684.4,1571.9,2022 Paris Qual,28.4,1731.5
Jiri Vesely,29.1,1689.4,1666.1,1538.7,1624.5,1677.7,1614,1657,2014 Wimbledon R64,20.9,1892.3
Sam Querrey,34.8,1688.9,1564.5,1598.4,1624.9,1626.7,1643.6,1656.9,2012 Paris R16,25,1971.6
Roman Safiullin,25.6,1687.3,1630.8,1447.5,1403.5,1659,1567.4,1545.4,2023 Adelaide 1 R32,25.4,1775.9
Ricardas Berankis,32.7,1687.3,1615.8,1516.3,1477.1,1651.6,1601.8,1582.2,2010 Vancouver CH SF,20.1,1808.8
Marc Andrea Huesler,26.8,1686.9,1589,1590.4,1517.8,1638,1638.6,1602.4,2023 Montpellier R32,26.6,1805.9
Matteo Arnaldi,22.1,1686.4,1459.8,1654.2,1349.5,1573.1,1670.3,1518,2022 Saint Tropez CH SF,21.6,1707.1
Aleksandar Kovacevic,24.5,1686.2,1629.8,1184.4,-,1658,1435.3,1543.1,2023 Phoenix CH R16,24.5,1739.1
Liam Broady,29.2,1685.7,1661.2,1393.1,1468.4,1673.4,1539.4,1577.1,2022 Phoenix CH QF,28.1,1741.7
Otto Virtanen,21.8,1683.8,1676.4,1282.1,1424.8,1680.1,1483,1554.3,2023 Lille CH F,21.7,1741.6
Juan Manuel Cerundolo,21.4,1683.4,1344,1659.1,1349.8,1513.7,1671.2,1516.6,2023 Concepcion CH R16,21.1,1783.9
Alejandro Tabilo,25.8,1682.3,1640.3,1571.8,1410.5,1661.3,1627.1,1546.4,2022 Sarasota CH QF,24.8,1792.2
Michael Mmoh,25.1,1678.4,1624.7,1453,1380.3,1651.6,1565.7,1529.3,2017 San Francisco CH QF,19,1749
Jerzy Janowicz,31.8,1678.1,1666.4,1528.8,1597.7,1672.3,1603.5,1637.9,2013 Canada R32,22.7,1931.8
Alexandre Muller,26.2,1672.5,1551.9,1588.2,1257.9,1612.2,1630.4,1465.2,2023 Marrakech SF,26.1,1699.2
Daniel Altmaier,24.5,1672.1,1539.3,1652.8,1415.2,1605.7,1662.4,1543.7,2021 Luedenscheid CH F,22.9,1779.4
John Millman,33.6,1671.1,1592,1540,1484.1,1631.6,1605.6,1577.6,2018 US Open R16,29.2,1842.8
Oscar Otte,29.7,1671.1,1532.3,1612.3,1635.3,1601.7,1641.7,1653.2,2022 Wimbledon R128,28.9,1824.7
Jaume Munar,25.9,1668.1,1472.6,1697.3,1245.9,1570.4,1682.7,1457,2022 Cincinnati Qual,25.2,1807.4
Sebastian Ofner,26.9,1667.9,1496,1634.1,1548,1581.9,1651,1607.9,2017 Vancouver CH R32,21.2,1699.6
Pablo Cuevas,36.4,1665.9,1544.9,1629,1440.6,1605.4,1647.4,1553.2,2016 Nottingham SF,30.4,1908.7
Pedro Cachin,28,1665.7,1352.7,1657,1347.1,1509.2,1661.4,1506.4,2022 Us Open R64,27.3,1757.1
Aslan Karatsev,29.6,1665.5,1595.3,1625.3,1316.7,1630.4,1645.4,1491.1,2021 Rome R32,27.6,1958.7
Albert Ramos,35.2,1664.1,1511.7,1655.6,1293.9,1587.9,1659.8,1479,2017 Barcelona R16,29.2,1872.5
Dennis Novak,29.4,1661.8,1581.3,1563.4,1594.4,1621.6,1612.6,1628.1,2019 Ortisei CH R32,26.2,1749.8
Tomas Barrios Vera,25.3,1661.8,1358.3,1651.9,1379,1510,1656.8,1520.4,2021 Meerbusch CH F,23.6,1671.3
Federico Coria,31,1661.6,1377.8,1680.9,1243.5,1519.7,1671.3,1452.6,2021 Bastad SF,29.3,1741.5
Dominik Koepfer,28.9,1661.3,1553.9,1677.1,1446.4,1607.6,1669.2,1553.8,2020 Hamburg R32,26.3,1788.6
Tim Van Rijthoven,25.8,1661.1,1504.8,1241.6,1688.5,1583,1451.4,1674.8,2022 Wimbledon R32,25.1,1763.7
Andrea Vavassori,27.9,1659.6,1465.7,1619.3,1510.4,1562.6,1639.4,1585,2023 Oeiras 3 CH R16,27.9,1676.2
Vasek Pospisil,32.6,1659.4,1611.5,1279.2,1434.2,1635.5,1469.3,1546.8,2020 Sofia SF,30.3,1886.3
Daniel Elahi Galan,26.8,1653.8,1512.1,1582.5,1421.2,1582.9,1618.1,1537.5,2022 San Diego R16,26.2,1745.8
Alexander Shevchenko,22.3,1652.9,1543.2,1550.9,-,1598,1601.9,1526.5,2023 Barcelona R64,22.3,1659.6
Aleksandar Vukic,27,1651,1571,1489.8,1375.3,1611,1570.4,1513.1,2022 Indian Wells Qual,25.9,1730.1
Marco Cecchinato,30.5,1642.8,1357.2,1612.6,1336.1,1500,1627.7,1489.5,2018 Umag F,25.7,1829
Denis Kudla,30.6,1637.1,1543,1435.2,1610.1,1590.1,1536.2,1623.6,2015 Atlanta Qual,22.9,1772.5
Radu Albot,33.4,1634.3,1564,1497.2,1522.5,1599.2,1565.8,1578.4,2019 Geneva QF,29.5,1808.4
Nikoloz Basilashvili,31,1634,1515.1,1647.9,1548.5,1574.5,1640.9,1591.2,2018 Shanghai R64,26.6,1877.7
Egor Gerasimov,30.2,1632.5,1560.1,1472.4,1303.5,1596.3,1552.5,1468,2020 Davis Cup QLS R1,27.3,1791.1
Federico Delbonis,32.4,1629.7,1415.6,1626.9,1162.8,1522.7,1628.3,1396.3,2017 Hamburg QF,26.8,1861.7
Maximilian Marterer,27.8,1628.6,1562.5,1485.5,1488.8,1595.6,1557,1558.7,2018 Stuttgart R32,22.9,1804.6
Norbert Gombos,32.6,1626.6,1504.3,1602.6,1395.6,1565.5,1614.6,1511.1,2020 Paris R32,30.2,1738.1
Hugo Gaston,22.5,1625.9,1609.8,1548.5,1489.5,1617.8,1587.2,1557.7,2021 Paris R16,21,1783.7
Filip Misolic,21.6,1625.3,1368.1,1678.6,1343.1,1496.7,1651.9,1484.2,2022 Naples Qual,21.1,1694.2
Jurij Rodionov,23.9,1622.4,1579.8,1475.1,1364.8,1601.1,1548.7,1493.6,2018 Astana CH QF,19.1,1691.9
Andreas Seppi,38.6,1622.3,1555.8,1499.7,1569.6,1589.1,1561,1596,2013 Australian Open R32,28.8,1905.1
Pierre Hugues Herbert,32,1610.2,1553.5,1529.1,1561.3,1581.8,1569.6,1585.7,2019 Montpellier SF,27.8,1844.9
Facundo Bagnis,33.1,1610.1,1472.9,1593.7,1177.4,1541.5,1601.9,1393.8,2021 Salzburg CH F,31.3,1719.2
Gilles Simon,37.8,1609.5,1597.8,1456.3,1509.4,1603.7,1532.9,1559.5,2009 Rotterdam R32,24.1,2015.7
Alex Michelsen,18.6,1608.5,1528.4,1363.5,-,1568.5,1486,1504.3,2023 Tallahassee CH R16,18.6,1652.1
Zhizhen Zhang,26.4,1603.9,1449.2,1656.1,1489.8,1526.5,1630,1546.8,2022 Astana R32,25.9,1770.3
Zizou Bergs,23.8,1603.8,1438.3,1557.1,1607.3,1521.1,1580.4,1605.5,2021 Braunschweig CH R16,22,1722.1
Cem Ilkel,27.5,1599.2,1542.2,1289,1238.9,1570.7,1444.1,1419,2023 Lugano CH SF,27.5,1629.5
Steve Johnson,33.2,1599,1504.1,1598.3,1555.5,1551.6,1598.6,1577.3,2017 Geneva R16,27.4,1932.5
Dino Prizmic,17.6,1598.4,1340.6,1467.6,-,1469.5,1533,1499.2,2023 Banja Luka Qual,17.6,1619.7
Ivan Gakhov,26.4,1598.1,1211.5,1552.8,-,1404.8,1575.5,1499.1,2023 Monte Carlo R64,26.4,1599.4
Gijs Brouwer,27,1594.8,1429,1515.5,1419,1511.9,1555.2,1506.9,2022 Metz Qual,26.5,1643.8
Feliciano Lopez,41.5,1593.3,1548.2,1532,1597.8,1570.7,1562.6,1595.6,2011 Shanghai QF,30,1942.8
Gabriel Diallo,21.5,1592.8,1487.5,1385.1,-,1540.1,1488.9,1496.4,2022 Fairfield CH SF,21,1666.1
Enzo Couacaud,28.1,1590,1492.5,1445.6,1510.4,1541.2,1517.8,1550.2,2023 Australian Open Qual,27.8,1623.6
Benoit Paire,33.9,1589.5,1534.6,1539.8,1486,1562.1,1564.6,1537.8,2013 Roland Garros R64,24,1904.2
Arthur Cazaux,20.6,1587.6,1609.6,1362.2,-,1598.6,1474.9,1493.8,2023 Nonthaburi 3 CH SF,20.3,1740.3
Francesco Passaro,22.2,1584.2,1376.8,1572.5,-,1480.5,1578.3,1492.1,2022 Como CH SF,21.6,1744.9
Elias Ymer,27,1583.9,1473.8,1576.6,1372.5,1528.8,1580.2,1478.2,2015 Caltanissetta CH F,19.1,1729.2
Peter Gojowczyk,33.6,1582.3,1507,1410.6,1528.1,1544.7,1496.5,1555.2,2018 Delray Beach SF,28.5,1830.7
Henri Laaksonen,30.8,1579.8,1502.1,1549,1192.1,1540.9,1564.4,1385.9,2021 Brest CH R16,29.5,1792.4
Adrian Andreev,21.9,1579.6,1485.5,1495.7,-,1532.5,1537.7,1489.8,2023 Australian Open Qual,21.6,1628.5
Flavio Cobolli,20.9,1579.2,1415.3,1522.6,1321.5,1497.3,1550.9,1450.4,2021 Ercolano CH QF,19.4,1654.4
James Duckworth,31.2,1579.2,1531.8,1374.7,1515.9,1555.5,1476.9,1547.5,2021 Paris R16,29.7,1771.5
Mikhail Kukushkin,35.2,1579,1508.5,1487.8,1547.5,1543.7,1533.4,1563.3,2010 St. Petersburg F,22.8,1849.6
Fernando Verdasco,39.4,1577.5,1532,1568.6,1495.6,1554.7,1573,1536.5,2010 Rome QF,26.4,2096.8
Abedallah Shelbayh,19.4,1577,1477,1456.2,-,1527,1516.6,1488.5,2023 Manama CH SF,19.2,1604.1
Dimitar Kuzmanov,29.7,1576.4,1459.9,1535,1465,1518.2,1555.7,1520.7,2022 Wimbledon Qual,28.9,1629.7
Pablo Andujar,37.2,1575,1445.4,1573.5,1289.1,1510.2,1574.2,1432,2019 Tokyo Qual,33.6,1796.3
Lucas Pouille,29.1,1574.2,1593.3,1504.6,1491.4,1583.8,1539.4,1532.8,2017 Halle R32,23.3,1977.2
Pedro Martinez,25.9,1572.4,1491.9,1568.2,1319.4,1532.2,1570.3,1445.9,2022 Monte Carlo R64,24.9,1821.9
Tennys Sandgren,31.6,1571.9,1513.5,1447.1,1526.6,1542.7,1509.5,1549.3,2020 Roland Garros R128,29.1,1779.2
Luca Nardi,19.6,1571.9,1497.9,1428,-,1534.9,1499.9,1485.9,2023 Canberra CH R32,19.4,1650.5
Damir Dzumhur,30.9,1571.1,1470,1537.2,1571.7,1520.6,1554.2,1571.4,2018 Dubai R32,25.7,1887.9
Marco Trungelliti,33.2,1570.8,1407.1,1564.3,1373.1,1488.9,1567.6,1471.9,2022 Santo Domingo CH SF,32.5,1693.6
Giulio Zeppieri,21.3,1569.2,1545.9,1484.8,1342,1557.5,1527,1455.6,2022 Umag QF,20.6,1699
Giovanni Mpetshi Perricard,19.7,1568.8,1480.6,1480.1,-,1524.7,1524.4,1484.4,2023 Leon CH F,19.7,1611.7
Emilio Gomez,31.3,1568.6,1518.9,1325.9,1167.5,1543.8,1447.3,1368.1,2022 Columbus CH SF,30.8,1649.6
Jesper De Jong,22.8,1567.8,1413.6,1536.3,1307.5,1490.7,1552.1,1437.6,2022 Traralgon CH QF,21.5,1671.8
Facundo Diaz Acosta,22.3,1561.6,1236.5,1507.7,1339,1399.1,1534.7,1450.3,2023 Santiago CH QF,22.2,1634.5
Juncheng Shang,18.1,1561,1500.3,1247.9,1404.2,1530.7,1404.5,1482.6,2022 Granby CH SF,17.5,1677.3
Pedro Sousa,34.8,1559.7,1235.5,1548.6,1368.4,1397.6,1554.2,1464.1,2017 Rome CH R32,29.3,1698.7
Joao Sousa,34,1559.6,1497.1,1525.6,1396.8,1528.3,1542.6,1478.2,2016 Australian Open R64,26.8,1844.7
Nerman Fatic,28.4,1559.4,1371.4,1530.7,1500,1465.4,1545,1529.7,2023 Antalya CH R16,28.3,1621.5
Tung Lin Wu,24.9,1559.1,1470.7,1476.3,1271,1514.9,1517.7,1415,2019 Gwangju CH R16,21,1583.2
Andrey Kuznetsov,31.4,1556.7,1474.9,1579.1,1467.1,1515.8,1567.9,1511.9,2016 Moscow R32,25.6,1877.6
Thiago Seyboth Wild,23.1,1556.4,1357.6,1538,1311.8,1457,1547.2,1434.1,2020 Aix En Provence CH SF,20.4,1729.8
Thiago Agustin Tirante,22,1556.3,1468.2,1462.9,1427.9,1512.3,1509.6,1492.1,2021 Ambato CH F,20.4,1663.6
Jan Choinski,26.8,1554.7,1385,1540.8,1208,1469.8,1547.7,1381.3,2022 Rio De Janeiro CH R32,26.3,1590.6
Nicolas Kicker,30.6,1551.7,1463.5,1492.9,1323.4,1507.6,1522.3,1437.5,2018 Madrid Qual,25.7,1689.7
Lukas Klein,25,1551.2,1447.7,1463.1,1565.3,1499.5,1507.2,1558.3,2022 Bratislava CH R16,24.6,1665.9
Brandon Holt,24.9,1549.9,1466.8,1254.6,1415.3,1508.4,1402.2,1482.6,2023 Dallas Qual,24.8,1625.3
Camilo Ugo Carabelli,23.8,1549.7,1320.6,1502.9,-,1435.1,1526.3,1474.8,2022 Poznan CH R32,22.9,1671.8
Alessandro Giannessi,32.8,1547.7,1336.1,1511.1,1261,1441.9,1529.4,1404.4,2011 Napoli2 CH SF,21.3,1728.7
Alexander Ritschard,29,1545.8,1402.7,1504.6,1527,1474.2,1525.2,1536.4,2022 Ortisei CH R32,28.5,1618.2
Antoine Escoffier,31.1,1544.5,1490.3,1087.1,1359.1,1517.4,1315.8,1451.8,2023 Lugano CH QF,31,1615.7
Oleksii Krutykh,23.1,1544.2,1422.1,1526.5,-,1483.1,1535.4,1472.1,2023 Tenerife 2 CH R16,22.8,1637.9
Jozef Kovalik,30.4,1543.7,1382.2,1537,1272.6,1463,1540.4,1408.2,2018 Hamburg QF,25.7,1706.8
Andrea Pellegrino,26,1541.4,1213.8,1543.4,1374.9,1377.6,1542.4,1458.2,2022 Genoa CH SF,25.4,1604.4
Guido Andreozzi,31.5,1541.2,1525.6,1459.3,1231.4,1533.4,1500.3,1386.3,2018 Roland Garros Qual,26.8,1734
Laurent Lokoli,28.4,1540.9,1476.8,1428.3,-,1508.8,1484.6,1470.4,2023 Pau CH R16,28.3,1575.1
Mate Valkusz,24.6,1539.7,1362.9,1540.1,1336.6,1451.3,1539.9,1438.1,2022 Vilnius CH R32,24.1,1649.9
Mats Moraing,30.6,1539.4,1532.6,1469.4,1313.1,1536,1504.4,1426.2,2022 Phoenix CH R32,29.7,1727.4
Hamad Medjedovic,19.7,1538.3,1395.7,1548.4,-,1467,1543.3,1469.1,2022 Luedenscheid CH F,18.9,1649.4
Ryan Harrison,30.8,1537.4,1463,1478.9,1367.5,1500.2,1508.2,1452.4,2017 Acapulco Qual,24.8,1824.2
Cedrik Marcel Stebe,32.3,1534.9,1515.8,1477,1413.4,1525.3,1506,1474.2,2017 Sibiu CH F,26.9,1805.8
Gastao Elias,32.3,1533.2,1390,1501.4,1293.8,1461.6,1517.3,1413.5,2016 Rio Olympics R64,25.7,1723.8
Marc Polmans,25.9,1532.5,1420.3,1438.4,1433.2,1476.4,1485.4,1482.8,2020 Cologne 1 Qual,23.4,1602.7
Yuta Shimizu,23.7,1532.1,1476.2,1098.5,1464.9,1504.2,1315.3,1498.5,2023 Puerto Vallarta CH SF,23.7,1557.5
Carlos Taberner,25.5,1531.7,1372.5,1492.7,1296,1452.1,1512.2,1413.8,2021 Losinj CH SF,24.1,1721.4
Bjorn Fratangelo,29.7,1529.6,1448.4,1534.9,1431.5,1489,1532.3,1480.6,2016 Surbiton CH QF,22.8,1736.8
Raphael Collignon,21.2,1525.2,1351.6,1455,-,1438.4,1490.1,1462.6,2023 Roseto Degli Abruzzi CH SF,21.2,1551.9
Riccardo Bonadio,29.7,1524.3,1363.5,1457.3,1398.7,1443.9,1490.8,1461.5,2021 Las Palmas 1 CH R16,27.6,1564.6
Timofey Skatov,22.2,1522.4,1446.3,1467.3,-,1484.3,1494.9,1461.2,2022 Coquimbo CH QF,21.7,1611.9
Nicolas Moreno De Alboran,25.7,1521.9,1462.7,1460.6,1451.3,1492.3,1491.2,1486.6,2023 Chennai CH SF,25.5,1608.5
Fabian Marozsan,23.5,1519.5,1399.2,1502.6,-,1459.4,1511.1,1459.8,2022 Bratislava CH SF,23,1682
Christian Harrison,28.8,1516.6,1374.6,1436.9,1614.3,1445.6,1476.7,1565.4,2022 Wimbledon Qual,28,1597.7
Kaichi Uchida,28.6,1515.4,1447.1,1347.8,1447.7,1481.3,1431.6,1481.6,2023 Pau CH QF,28.5,1535.1
Altug Celikbilek,26.5,1515,1457.7,1252.2,1407.7,1486.3,1383.6,1461.4,2021 Segovia CH R16,24.8,1696.2
Joris De Loore,29.9,1514.2,1487.2,1251.8,1452.2,1500.7,1383,1483.2,2016 Fairfield CH QF,23.4,1649.9
Rinky Hijikata,22.1,1514.1,1449.7,1103.7,1414.6,1481.9,1308.9,1464.3,2023 Burnie CH F,21.9,1650.1
Jelle Sels,27.6,1513.9,1463.8,1414.6,1305.3,1488.8,1464.3,1409.6,2022 Helsinki CH QF,27.2,1591.2
Robin Haase,36,1512.5,1504.4,1431.3,1523.3,1508.4,1471.9,1517.9,2011 Winston-Salem QF,24.3,1858.3
Vit Kopriva,25.8,1511.4,1316.5,1535.7,1433.2,1414,1523.6,1472.3,2022 Blois CH QF,24.9,1671.4
Ernests Gulbis,34.4,1511.3,1449.6,1462,1478.8,1480.4,1486.6,1495.1,2014 Roland Garros QF,25.7,2048.3
Matteo Gigante,21.2,1510.6,1346.4,1495.4,-,1428.5,1503,1455.3,2023 Tenerife 3 CH F,21,1568.2
Stefano Travaglia,31.2,1510.2,1468.6,1480.1,1380.3,1489.4,1495.2,1445.3,2021 Great Ocean Road Open SF,29,1798.4
Zachary Svajda,20.3,1506.8,1503.9,1280.8,1500,1505.3,1393.8,1503.4,2022 Tiburon CH F,19.8,1632.2
Sho Shimabukuro,25.5,1506.5,1455.7,-,-,1481.1,1363.2,1453.2,2023 Rome GA CH R32,25.5,1597
Alexandar Lazarov,25.4,1506.3,1450.1,1309.3,-,1478.2,1407.8,1453.1,2022 Sofia R32,24.8,1582.7
Felipe Meligeni Alves,25.1,1504.4,1317.1,1452.6,1339,1410.8,1478.5,1421.7,2021 Rome 2 CH R32,23.1,1670.4
Maks Kasnikowski,19.3,1503.9,1526.1,1350.7,1500,1515,1427.3,1501.9,2022 Calgary CH QF,19.3,1562.9
Benjamin Hassan,28.1,1503.2,1405.2,1458.9,-,1454.2,1481,1451.6,2019 Prostejov CH R16,24.3,1631.1
Emilio Nava,21.3,1501.9,1436.8,1428.4,1500,1469.3,1465.1,1501,2022 Us Open R128,20.7,1620.2
Stefan Kozlov,25,1501.8,1463.3,1264.9,1419.2,1482.5,1383.3,1460.5,2022 Acapulco R32,24,1702.8
Pablo Llamas Ruiz,20.5,1501.1,1174.2,1457.5,-,1337.7,1479.3,1450.6,2023 Murcia CH QF,20.4,1536.2
Maximilian Neuchrist,31.7,1500.6,1341,1487.4,-,1420.8,1494,1450.3,2023 Leon CH QF,31.7,1536.7
Hugo Grenier,27,1500.4,1428.7,1408.3,1498.6,1464.5,1454.3,1499.5,2022 Rennes CH R32,26.4,1731.4
Alejandro Moro Canas,22.3,1498.2,1433.6,1342.6,-,1465.9,1420.4,1449.1,2023 Murcia CH R32,22.3,1527.7
Kimmer Coppejans,29.1,1497.4,1343,1475.6,1169,1420.2,1486.5,1333.2,2015 Turin CH SF,21.2,1686.6
Gerald Melzer,32.6,1497.3,1389.6,1474.7,1394.9,1443.5,1486,1446.1,2018 Quito R16,27.5,1707.4
Nicolas Alvarez Varona,21.8,1495.9,1468.8,1324.8,-,1482.3,1410.3,1447.9,2022 Champaign CH R16,21.4,1526.7
Evan Furness,24.6,1495.9,1439.6,1403.7,1342.9,1467.7,1449.8,1419.4,2022 Ostrava CH F,23.6,1583.3
Geoffrey Blancaneaux,24.6,1495.7,1428.5,1410.6,1340.1,1462.1,1453.2,1417.9,2022 Sofia Qual,24.1,1574.6
Marius Copil,32.4,1495,1485.6,1358.4,1476.7,1490.3,1426.7,1485.9,2018 Basel SF,28,1757.2
Francesco Maestrelli,20.3,1494.3,1368.5,1513.7,-,1431.4,1504,1447.2,2022 Trieste CH QF,19.5,1702.9
Chun Hsin Tseng,21.6,1493.5,1384,1520.8,1348.4,1438.8,1507.1,1421,2022 Prague CH QF,20.6,1701.6
Thomas Fabbiano,33.1,1493.2,1452.7,1411.2,1493.4,1472.9,1452.2,1493.3,2017 Eastbourne R32,28,1694.6
Alastair Gray,24.6,1493.1,1375.2,-,1338.9,1434.1,1356.5,1416,2023 Rome GA CH R16,24.6,1508.6
Andrea Collarini,31.2,1489.1,1205.9,1463.1,1305,1347.5,1476.1,1397.1,2019 Buenos Aires CH R16,27.6,1557.7
Gianluca Mager,28.3,1489,1382.7,1475.5,1382,1435.9,1482.3,1435.5,2021 Prostejov CH QF,26.5,1729.2
Bradley Klahn,32.5,1487,1450.9,1300.6,1313,1468.9,1393.8,1400,2014 West Lakes CH F,23.4,1763.1
Vitaliy Sachko,25.7,1485,1434.5,1361.7,-,1459.7,1423.4,1442.5,2021 Trieste CH R16,24,1620.7
Mark Lajal,19.9,1484.9,1435.1,1444.5,1500,1460,1464.7,1492.4,2023 Cuernavaca CH QF,19.9,1526
Mitchell Krueger,29.2,1484.2,1420.6,1307.4,1462.3,1452.4,1395.8,1473.2,2022 Sarasota CH R16,28.2,1622.1
Yu Hsiou Hsu,23.9,1481.4,1423.2,1197,-,1452.3,1339.2,1440.7,2023 Australian Open Qual,23.7,1581.7
Illya Marchenko,35.6,1480.6,1443.7,1275.6,1435.1,1462.2,1378.1,1457.9,2010 Marseille Qual,22.4,1776.4
Mathias Bourgue,29.1,1479.9,1463.4,1369.4,1367.1,1471.7,1424.7,1423.5,2021 Biella 4 CH R16,27.1,1656.8
Genaro Alberto Olivieri,24.7,1479.6,1265.7,1469.7,1339,1372.7,1474.7,1409.3,2021 Prague 3 CH QF,23,1526.1
Ryan Peniston,27.3,1477.4,1417.2,1350,1471.6,1447.3,1413.7,1474.5,2022 Wimbledon R128,26.6,1708.4
Matija Pecotic,33.7,1477.3,1409.5,1388.7,1372.4,1443.4,1433,1424.8,2016 Gatineau CH QF,27,1602.8
Yuichi Sugita,34.4,1476.6,1447.5,1296,1438.5,1462.1,1386.3,1457.5,2017 Cincinnati R16,28.9,1788.9
Evgeny Donskoy,32.8,1476.6,1427.3,1368.9,1428.4,1451.9,1422.7,1452.5,2015 Pune CH SF,25.4,1721.6
Seong Chan Hong,25.7,1476,1376,1334.7,1362,1426,1405.3,1419,2023 Tallahassee CH QF,25.7,1494.6
Michael Geerts,28.2,1475.7,1428.5,1381.8,-,1452.1,1428.8,1437.9,2022 El Espinar CH QF,27.5,1525.5
Antoine Bellier,26.4,1473.8,1383.1,1369.3,1589.1,1428.5,1421.5,1531.4,2022 Pozoblanco CH R32,25.7,1631
Gauthier Onclin,22.1,1473,1421.7,1282.4,-,1447.3,1377.7,1436.5,2023 Saint Brieuc CH R32,22,1530.1
Luciano Darderi,21.1,1471.3,1307,1457.2,-,1389.2,1464.3,1435.7,2022 Iasi CH QF,20.4,1609.7
Salvatore Caruso,30.3,1471.3,1453.6,1398.7,1471.8,1462.5,1435,1471.6,2019 US Open Qual,26.6,1710.7
Zdenek Kolar,26.5,1471.1,1433.7,1367.3,1388,1452.4,1419.2,1429.6,2021 Szczecin CH F,24.9,1599.5
Raul Brancaccio,25.9,1470.9,1388.2,1436.9,-,1429.6,1453.9,1435.5,2023 Australian Open Qual,25.7,1631.7
Mattia Bellucci,21.8,1469.1,1404.8,1303.3,-,1437,1386.2,1434.5,2022 Vilnius CH F,21.3,1724.4
James Mccabe,19.7,1468.6,1437.1,1252.9,-,1452.8,1360.7,1434.3,2023 Puerto Vallarta CH QF,19.6,1555.1
Sumit Nagal,25.6,1467.9,1445.6,1361.7,1346.9,1456.7,1414.8,1407.4,2019 Campinas CH QF,22.1,1717.1
Franco Agamenone,30,1463.5,1342,1446.8,1341.8,1402.7,1455.1,1402.6,2021 Ercolano CH QF,28.4,1700.6
Dalibor Svrcina,20.5,1459.6,1306.7,1462.4,1428,1383.2,1461,1443.8,2021 Prague 2 CH F,18.8,1597.2
Ernesto Escobedo,26.6,1459.1,1430.5,1400.7,1281,1444.8,1429.9,1370,2017 Houston QF,20.7,1756.9
Nicola Kuhn,22.5,1458.3,1329.2,1429.2,1522.6,1393.8,1443.7,1490.5,2017 Meerbusch CH QF,17.4,1600.8
Matheus Pucinelli De Almeida,22,1458.2,1204.3,1443.9,1402,1331.2,1451.1,1430.1,2022 Concepcion CH R16,20.9,1633.1
Shintaro Mochizuki,19.8,1457.4,1282.9,1445.4,1408,1370.1,1451.4,1432.7,2023 Split CH R32,19.8,1502.7
Jason Jung,33.8,1456.7,1404.3,1282.8,1409.7,1430.5,1369.8,1433.2,2018 Zhuhai CH QF,28.7,1652.2
Yasutaka Uchiyama,30.5,1455.9,1384.7,1216.8,1382.4,1420.3,1336.3,1419.1,2019 Playford CH SF,27.2,1723.9
Lukas Rosol,37.7,1454.6,1414.3,1375.2,1504.9,1434.4,1414.9,1479.7,2014 Winston-Salem F,29,1880.9
Marko Topo,19.5,1453.9,1378.2,1465.5,1417.9,1416.1,1459.7,1435.9,2022 Munich Qual,18.6,1657.9
Giovanni Fonio,24.9,1450.4,1374,1353.6,-,1412.2,1402,1425.2,2023 Tenerife 3 CH R16,24.7,1527.3
Andrej Martin,32.8,1450.2,1272.1,1388,1221.5,1361.2,1419.1,1335.9,2014 US Open Qual,24.9,1665.5
Frederico Ferreira Silva,28,1447.5,1402,1372.7,1414.4,1424.7,1410.1,1431,2021 Prague 1 CH R16,26.1,1637.1
Alex Rybakov,26.2,1447,1349.9,1357.5,1440.9,1398.5,1402.3,1444,2023 Dallas Qual,26,1504.3
Steven Diez,32,1446.7,1309.9,1447.4,1285.5,1378.3,1447.1,1366.1,2019 Ningbo CH SF,28.5,1602.1
Federico Gaio,31,1446.7,1354.4,1428.3,1369.1,1400.5,1437.5,1407.9,2019 San Benedetto CH QF,27.3,1603.5
Harold Mayot,21.1,1445.8,1400.8,1403.2,-,1423.3,1424.5,1422.9,2022 Istanbul CH R16,20.6,1621.1
Kyrian Jacquet,21.9,1442,1293,1453.5,-,1367.5,1447.8,1421,2021 Tampere CH QF,20.1,1601.9
Daniel Masur,28.4,1441.7,1361.5,1354.3,1475.1,1401.6,1398,1458.4,2021 Lugano CH R16,26.3,1606
Evgeny Karlovskiy,28.3,1440.7,1409.2,1301.8,1375.6,1425,1371.3,1408.2,2019 Eckental CH QF,25.2,1554.6
Santiago Fa Rodriguez Taverna,23.7,1437.8,1181.7,1447.4,1404.8,1309.7,1442.6,1421.3,2022 Concepcion CH SF,22.5,1654.5
Javier Barranco Cosano,24,1437.6,1154.8,1370.6,1407.8,1296.2,1404.1,1422.7,2021 Antalya 4 CH R32,23,1458.5
Dragos Nicolae Madaras,25.5,1437.5,1302.6,1400,1324.2,1370.1,1418.7,1380.8,2022 Banja Luka CH QF,24.9,1457
Juan Pablo Ficovich,26.2,1431.9,1363.2,1399.9,1373.7,1397.5,1415.9,1402.8,2020 Alicante CH R16,23.7,1582.3
Julian Lenz,29.6,1431.9,1391.9,1319.7,1398.5,1411.9,1375.8,1415.2,2019 Augsburg CH QF,26.4,1557.7
Paul Jubb,23.2,1431.1,1315.8,1462.5,1396.7,1373.4,1446.8,1413.9,2022 Santa Cruz De La Sierra CH F,22.3,1638.1
Roberto Marcora,33.5,1428.4,1353.3,1360.1,1239.5,1390.9,1394.3,1334,2020 Cherbourg CH SF,30.4,1634.7
Jonas Forejtek,22,1427.3,1320.7,1446.8,1366.8,1374,1437,1397,2022 Heilbronn CH QF,21.1,1604.2
Dan Added,24,1427.3,1390,1226.5,-,1408.6,1326.9,1413.6,2023 Saint Brieuc CH SF,23.9,1501.5
Nicholas David Ionel,20.5,1427.1,1189.4,1463.6,-,1308.2,1445.4,1413.6,2022 Sibiu CH QF,19.9,1467.1
Ramkumar Ramanathan,28.2,1426.7,1376.9,1330.5,1427.3,1401.8,1378.6,1427,2018 Nanchang CH R16,23.4,1605.9
Miljan Zekic,34.7,1425.2,1318,1386.8,1367.9,1371.6,1406,1396.5,2016 Banja Luka CH SF,28.1,1606.7
Denis Istomin,36.2,1424.1,1404.3,1387.6,1433.4,1414.2,1405.9,1428.8,2012 Indian Wells R32,25.4,1849.2
Dmitry Popko,26.4,1422.7,1407.5,1346.8,1287.7,1415.1,1384.8,1355.2,2020 Bangkok CH QF,23.2,1617.7
Gian Marco Moroni,25.1,1421.6,1303.1,1418.2,-,1362.3,1419.9,1410.8,2018 Vicenza CH QF,20.2,1668.1
Valentin Royer,21.7,1420.5,1354.8,-,-,1387.7,1320.3,1410.3,2023 Pau CH R32,21.7,1429.8
Lorenzo Giustino,31.6,1419.1,1303.7,1371.2,1210.7,1361.4,1395.2,1314.9,2019 Blois CH QF,27.7,1628.8
Daniel Michalski,23.1,1419,1415.9,1375.5,1500,1417.4,1397.2,1459.5,2018 Sopot CH R32,18.5,1576.1
Nino Serdarusic,26.3,1418.2,1272,1404.4,1296.2,1345.1,1411.3,1357.2,2022 Oeiras 1 CH SF,25.2,1557
Nikola Milojevic,27.8,1416.9,1370,1398,1347,1393.4,1407.4,1381.9,2021 Zagreb CH R16,25.8,1629.1
Renzo Olivo,31,1415.7,1276.9,1405.1,1338.9,1346.3,1410.4,1377.3,2015 Buenos Aires R32,22.9,1651.7
Facundo Mena,30.5,1410.8,1257.5,1418.6,1373.9,1334.1,1414.7,1392.3,2019 Banja Luka CH R16,26.9,1603
Tristan Schoolkate,21.9,1410.7,1364.5,1145,-,1387.6,1277.9,1405.3,2023 Burnie CH R32,21.9,1448.3
Govind Nanda,21.6,1410.4,1313.9,1276,-,1362.1,1343.2,1405.2,2022 Charleston CH R32,21.6,1488.3
Prajnesh Gunneswaran,33.2,1408.1,1368.6,1258.7,1279.1,1388.3,1333.4,1343.6,2019 Anning CH SF,29.4,1728.3
Duje Ajdukovic,22.1,1407.7,1273.3,1328,1445.8,1340.5,1367.9,1426.7,2021 Antalya 1 CH R16,19.9,1597.6
Lucas Gerch,28.2,1407.5,1316.1,1336.4,-,1361.8,1371.9,1403.7,2022 Champaign CH R32,27.9,1527.4
Andrea Arnaboldi,35.3,1406.5,1285.9,1397.2,1453.1,1346.2,1401.9,1429.8,2015 Cortina CH QF,27.6,1593.7
Nicolas Mejia,23.1,1404.4,1323.7,1372.4,-,1364,1388.4,1402.2,2021 Los Cabos Qual,21.4,1523.9
Elmar Ejupovic,30.2,1403,1287.7,1320.7,-,1345.3,1361.8,1401.5,2023 Leon CH R16,30.1,1459.2
Hernan Casanova,29,1401.6,1168.3,1381.4,-,1284.9,1391.5,1400.8,2022 Buenos Aires CH R32,28.6,1457.3
Calvin Hemery,28.2,1401.5,1348.9,1378.5,1352,1375.2,1390,1376.8,2015 Padova CH QF,20.4,1643.2
Juan Bautista Otegui,24.1,1400.5,1318.5,1335.1,-,1359.5,1367.8,1400.2,2022 Temuco CH R16,23.7,1458.7
Juan Bautista Torres,21,1399.4,1180.3,1375.1,-,1289.9,1387.3,1399.7,2022 Todi CH R32,20.2,1573.6
Alexis Galarneau,24.1,1398.5,1325.8,1306,-,1362.1,1352.3,1399.2,2022 Winnipeg CH SF,23.3,1539.5
Kacper Zuk,24.2,1397.2,1341.6,1369.2,1398.9,1369.4,1383.2,1398,2021 Prague 1 CH R32,22.2,1745
Beibit Zhukayev,22.5,1396.9,1332.4,1147.3,-,1364.6,1272.1,1398.4,2022 Yokkaichi CH R32,22.1,1493.7
Eduardo Ribeiro,25,1395.8,-,1381.5,-,1307.9,1388.6,1397.9,2023 Florianopolis CH QF,25,1412.2
Filip Cristian Jianu,21.5,1394.8,1390.4,1323.9,1439.1,1392.6,1359.3,1417,2019 Sibiu CH R32,17.9,1617.3
Adrian Menendez Maceiras,36.8,1393.1,1361.7,1337,1339.4,1377.4,1365,1366.2,2015 Leon CH SF,29.4,1615.3
Dane Sweeny,22.1,1390.3,1358.5,1148,-,1374.4,1269.1,1395.1,2022 Nonthaburi 2 CH R16,21.5,1550.6
Terence Atmane,21.2,1390,1280.3,1332.4,-,1335.2,1361.2,1395,2023 Cuernavaca CH R16,21.2,1415.3
Kenny De Schepper,35.8,1390,1372.6,1290.7,1448.9,1381.3,1340.3,1419.5,2012 Seoul CH R16,25.4,1771.6
Filip Horansky,29.7,1388.2,1357.3,1390.2,1196.4,1372.7,1389.2,1292.3,2021 Quimper 1 CH SF,28,1586.6
Jay Clarke,24.7,1387.4,1308.1,1284.3,1255.5,1347.7,1335.9,1321.5,2019 Nanchang CH R32,20.7,1633.3
Viktor Durasovic,26,1386.9,1334.8,1271.4,1404.5,1360.8,1329.2,1395.7,2014 Davis Cup G2 R1,16.8,1465.5
Patrick Kypson,23.4,1382.4,1277.3,1305.7,-,1329.9,1344,1391.2,2023 Tallahassee CH R32,23.4,1400.1
Titouan Droguet,21.8,1381,1425.1,1252.6,-,1403,1316.8,1390.5,2023 Cherbourg CH SF,21.6,1534.9
Christian Langmo,26.8,1380.5,1335.7,1142.7,-,1358.1,1261.6,1390.2,2023 Cuernavaca CH QF,26.8,1400.2
Antoine Hoang,27.3,1376.5,1285.9,1345.2,1573.1,1331.2,1360.9,1474.8,2019 Montpellier R32,23.2,1715.7
Mirza Basic,31.6,1374.9,1346.5,1304.8,1281.5,1360.7,1339.8,1328.2,2018 Sofia F,26.5,1710.5
Sergey Fomin,21.9,1374.2,1154.1,1445.9,-,1264.2,1410.1,1387.1,2022 Davis Cup WG1 R1,21.6,1380.6
Clement Chidekh,21.7,1373.6,1299.7,-,-,1336.7,1296.8,1386.8,2023 Montpellier Qual,21.6,1476.1
Francisco Comesana,22.5,1372.1,1164,1359.8,-,1268,1366,1386,2022 Buenos Aires CH SF,21.7,1601.1
Billy Harris,28.2,1372,1413.3,1111.1,1301.9,1392.7,1241.6,1337,2023 Les Franqueses Del Valles CH SF,28.1,1450.5
Maxime Janvier,26.4,1369.5,1309.1,1329,1341.9,1339.3,1349.2,1355.7,2019 Vancouver CH QF,22.8,1582.5
Nam Hoang Ly,26,1366.2,1332.3,1176.3,-,1349.3,1271.3,1383.1,2019 Da Nang CH R64,21.8,1464.8
Louis Wessels,24.6,1365.1,1152.4,1352.2,1290.4,1258.7,1358.6,1327.7,2022 Sibiu CH R32,24,1392
Mariano Navone,22.1,1364.5,1162.9,1373.9,-,1263.7,1369.2,1382.2,2022 Buenos Aires CH QF,21.5,1652.9
Moez Echargui,30.2,1362.3,1286.1,1269.6,-,1324.2,1315.9,1381.1,2023 Tallahassee CH R16,30.2,1385.5
Pedro Boscardin Dias,20.2,1362.1,1137.1,1334.2,-,1249.6,1348.1,1381,2022 Coquimbo CH SF,19.2,1414.5
Omar Jasika,25.8,1359.2,1340.7,1164.5,1297.4,1350,1261.9,1328.3,2017 Launceston CH R32,19.7,1655.9
Edan Leshem,26,1357.2,1298.3,1428.1,1500,1327.8,1392.7,1428.6,2016 Gimcheon CH R16,19.3,1509.5
Manuel Guinard,27.4,1357,1218.6,1352.1,1339,1287.8,1354.5,1348,2022 Lyon CH QF,26.5,1639.5
Aziz Dougaz,26,1356.5,1312.6,1268.2,1500,1334.5,1312.3,1428.2,2020 Calgary CH R32,22.9,1551.7
Roman Andres Burruchaga,21.2,1354.8,1229.4,1387.4,-,1292.1,1371.1,1377.4,2022 Sao Leopoldo CH R16,20.8,1516.3
Nick Chappell,30.5,1354.2,1353.9,1078.2,1355.2,1354.1,1216.2,1354.7,2021 Potchefstroom 1 CH QF,28.3,1444.2
Lucas Miedler,26.3,1354.2,1337.2,1297,1275.8,1345.7,1325.6,1315,2019 Roland Garros Qual,22.9,1499.7
Pol Martin Tiffon,23.7,1354.1,1179.6,1335.1,-,1266.9,1344.6,1377.1,2021 Quito CH QF,22.1,1486.3
Nick Hardt,22.5,1353.7,1316.1,1222.7,-,1334.9,1288.2,1376.9,2022 Saint Tropez CH R32,22,1460.5
Henri Squire,22.5,1350.8,1228.7,1352.2,1358,1289.7,1351.5,1354.4,2022 Troisdorf CH QF,21.6,1464.3
Ugo Blanchet,24.1,1350.1,1263.1,1272.6,-,1306.6,1311.3,1375,2022 Toulouse CH R32,23.6,1391
Bu Yunchaokete,21.2,1348.4,1290,1175.8,-,1319.2,1262.1,1374.2,2023 Cuernavaca CH R32,21.2,1365.4
Ulises Blanch,25,1348.3,1301,1242.3,1380.3,1324.7,1295.3,1364.3,2020 Roland Garros Qual,22.5,1590.9
Gabriel Debru,17.3,1348.3,1328.6,1144.1,-,1338.4,1246.2,1374.2,2023 Cherbourg CH R16,17.1,1484.6
Daniel Cox,32.4,1345.4,1291.4,1277.2,1290.2,1318.4,1311.3,1317.8,2014 Binghamton CH QF,23.7,1482.1
Max Hans Rehberg,19.5,1345.3,1183.8,1161.5,-,1264.5,1253.4,1372.6,2022 Hamburg CH R32,19,1414.1
Hady Habib,24.4,1345.2,1356.2,1208.9,1500,1350.7,1277.1,1422.6,2018 Davis Cup G2 R3,20,1578.2
Clement Tabur,22.9,1344.7,1122.8,1406,-,1233.8,1375.4,1372.4,2022 Meerbusch CH QF,22.5,1465.3
Marek Gengel,27.5,1344.2,1301.1,1172.3,-,1322.7,1258.3,1372.1,2023 Nonthaburi 2 CH R16,27.3,1490.7
Roberto Quiroz,30.6,1344,1336.7,1268.1,1395.3,1340.4,1306.1,1369.7,2017 Leon CH SF,25,1536.7
Nicolas Alvarez,26.4,1343.5,1175,1332.3,-,1259.2,1337.9,1371.7,2022 Salinas CH R32,25.8,1427.5
Gonzalo Bueno,19,1341.8,-,1338.5,-,1280.9,1340.1,1370.9,2023 Santiago CH R32,18.9,1435.2
Ergi Kirkin,24.2,1341.7,1333.8,1252.2,1372.7,1337.8,1297,1357.2,2022 Shymkent 1 CH QF,23.2,1491.4
Aidan Mchugh,22.3,1339.7,1277.8,-,1299.7,1308.7,1279.8,1319.7,2022 Porto CH R16,21.9,1497.3
Goncalo Oliveira,27.8,1339.6,1248.8,1292.8,1322.2,1294.2,1316.2,1330.9,2017 Campinas CH QF,22.6,1433.9
Remy Bertola,24.3,1339,1173.8,1309.7,-,1256.4,1324.4,1369.5,2022 Coquimbo CH R32,24.1,1455.1
Alexey Vatutin,30.4,1331.4,1293.3,1260.1,1328.2,1312.3,1295.7,1329.8,2018 Marrakech R16,25.4,1623.4
Evan Zhu,24.6,1331.1,1280.2,1240.7,1327.7,1305.7,1285.9,1329.4,2022 Winnipeg CH QF,23.9,1360.5
Li Tu,26.8,1328.9,1277.1,1418.7,1500,1303,1373.8,1414.5,2022 Seoul CH F,26.3,1623.1
Denis Yevseyev,29.9,1328.8,1250.9,1229.4,-,1289.8,1279.1,1364.4,2022 Forli 1 CH R32,28.6,1416.2
Daniel Dutra Da Silva,34.7,1328.5,1118.8,1298.2,-,1223.7,1313.4,1364.3,2008 Seville CH R32,20.1,1482.6
Yunseong Chung,24.9,1322.4,1294.6,1275,1329.7,1308.5,1298.7,1326.1,2019 Gwangju CH R32,21.1,1564.8
Johan Nikles,25.5,1322.3,1223.7,1296.2,-,1273,1309.3,1361.1,2022 Bratislava CH R32,25.2,1529.8
Carlos Sanchez Jover,22.6,1321,1179.4,1321.2,-,1250.2,1321.1,1360.5,2022 Zadar CH QF,21.6,1428
Murkel Alejandro Dellien Velasco,25.5,1320.9,1308.4,1343.8,1500,1314.6,1332.3,1410.4,2022 Tigre CH QF,24.2,1601.3
Malek Jaziri,39.1,1320.6,1313.5,1338.1,1344.6,1317,1329.3,1332.6,2017 Miami R64,33.1,1794.3
Arklon Huertas Del Pino,28.7,1319.5,-,1297.2,-,1269.7,1308.3,1359.7,2023 Davis Cup WG1 PO,28.5,1360.2
Rio Noguchi,24.3,1317.8,1354.8,1101,-,1336.3,1209.4,1358.9,2022 Playford CH SF,23.8,1501.5
Hiroki Moriya,32.3,1315.6,1249.7,1153.4,1348.7,1282.6,1234.5,1332.2,2012 Brisbane Qual,22.2,1569.8
Alibek Kachmazov,20.5,1315.3,1262,1391.3,1500,1288.6,1353.3,1407.6,2019 Moscow R32,17.1,1397.8
Nikolas Sanchez Izquierdo,24,1311.8,1155.4,1304.9,-,1233.6,1308.3,1355.9,2022 Troyes CH R16,23.2,1503.4
Matteo Martineau,24.2,1310.9,1343.3,1175.6,1361.2,1327.1,1243.3,1336.1,2021 Cherbourg CH R32,22,1379.6
Pedja Krstin,27.9,1309.4,1247.2,1278.3,1250.7,1278.3,1293.9,1280.1,2016 Leon CH R32,21.5,1552.5
Benjamin Lock,30,1307.3,1261.4,1201.3,1500,1284.4,1254.3,1403.6,2015 Davis Cup G2 PO,22.3,1541.9
Giovanni Oradini,25.5,1304.9,1283.1,1245.3,-,1294,1275.1,1352.4,2022 Fairfield CH R32,25,1392
Gabriel Decamps,23.5,1302.9,1216.7,1191.4,-,1259.8,1247.1,1351.4,2022 Nonthaburi 2 CH QF,23,1486
Jose Rubin Statham,35.9,1301.8,1240.5,1306.7,1380.1,1271.1,1304.2,1340.9,2007 Auckland Qual,19.7,1565
Joao Domingues,29.5,1301.7,1184.7,1271.2,1240.3,1243.2,1286.4,1271,2019 Braga CH F,25.5,1647
Strong Kirchheimer,27.9,1301.5,1290.1,1120,-,1295.8,1210.7,1350.7,2020 Columbus CH R32,24.8,1331.4
Mats Rosenkranz,24.4,1300.9,1273.2,1174.3,1421.3,1287,1237.6,1361.1,2022 Mallorca Qual,23.8,1412.9
Gonzalo Lama,29.9,1300.9,1146.8,1273.8,1314.4,1223.9,1287.4,1307.7,2016 Sao Paulo CH F,22.9,1595.1
Luke Saville,29.2,1295.1,1251.8,1083.6,1388.5,1273.5,1189.4,1341.8,2014 Traralgon2 CH QF,20.7,1564
Facundo Juarez,25,1291.2,1135.5,1270,-,1213.4,1280.6,1345.6,2021 Florianopolis CH R16,24.2,1329
Gianmarco Ferrari,22.5,1289.3,1254.8,1185.5,-,1272,1237.4,1344.6,2022 Cordenons CH R32,21.8,1409.8
Olukayode Alafia Damina Ayeni,23.4,1287.3,1233.8,-,-,1260.5,1253.7,1343.7,2023 Nonthaburi 1 CH R32,23.3,1337.3
Oriol Roca Batalla,29.9,1281.7,1221.4,1261.1,1352.2,1251.5,1271.4,1316.9,2015 Casablanca CH R32,22.4,1474
Yshai Oliel,23,1277.8,1271.3,1261.9,1500,1274.5,1269.8,1388.9,2017 Davis Cup G1 R1,17,1478.7
Andrew Paulson,21,1277.3,1245.7,1203.3,-,1261.5,1240.3,1338.6,2020 Prague CH R64,18.3,1323.2
Sasi Kumar Mukund,26.1,1273.5,1257.5,1164,1283,1265.5,1218.8,1278.2,2019 Chennai CH QF,22,1459.3
Adam Walton,24,1271.4,1262.9,1171.7,-,1267.1,1221.6,1335.7,2023 Burnie CH R16,23.7,1369.2
Colin Sinclair,28.3,1269.3,1264.3,1159,-,1266.8,1214.1,1334.7,2018 Noumea CH R32,24,1348.2
Sebastian Fanselow,31.2,1268.2,1202.9,1320,-,1235.5,1294.1,1334.1,2019 Burnie CH R16,27,1565.6
Rudolf Molleker,22.3,1266.3,1140,1259.6,1313.4,1203.1,1263,1289.9,2019 Poznan CH SF,18.5,1709.8
Joao Lucas Reis Da Silva,23,1263,1126.7,1303.6,-,1194.8,1283.3,1331.5,2022 Ambato CH SF,22.5,1505.2
Michail Pervolarakis,26.5,1263,1216.1,1141.8,-,1239.5,1202.4,1331.5,2020 Launceston CH R32,23.6,1488.3
Edoardo Lavagno,24.6,1262.5,-,1238.7,-,1241.2,1250.6,1331.2,2021 Maia 2 CH R32,23.3,1304.6
Charles Broom,24.9,1258.1,1213.2,-,1282.8,1235.7,1239.1,1270.4,2022 Drummondville CH R16,24.5,1309.3
Valentin Vacherot,24.4,1257.3,1250.3,1177.3,-,1253.8,1217.3,1328.6,2022 Nonthaburi 2 CH R16,23.7,1613.7
Lukas Neumayer,20.4,1253.7,1105.2,1278.6,-,1179.5,1266.2,1326.9,2022 Trieste CH R32,19.8,1479.8
Gonzalo Villanueva,28.2,1248,1090.8,1267.6,-,1169.4,1257.8,1324,2022 Salvador De Bahia CH QF,27.2,1441.1
Federico Arnaboldi,22.7,1245.8,1146.3,1220.2,-,1196,1233,1322.9,2022 Parma CH R32,22.2,1326.8
Andrey Chepelev,24.5,1244.5,1199.6,1214.6,-,1222,1229.5,1322.2,2022 Cordenons CH R16,23.9,1339.7
Skander Mansouri,27.7,1230.6,1188.6,1099.9,-,1209.6,1165.2,1315.3,2021 Salinas 2 CH R32,25.7,1410.6
Daniel Cukierman,27.6,1215.3,1160.5,1177.7,-,1187.9,1196.5,1307.7,2020 Davis Cup WG1 PO,24.6,1260.3
Matias Franco Descotte,28.6,1191.5,1200.3,1151.3,-,1195.9,1171.4,1295.7,2019 Santiago CH R64,24.5,1539.4
Keegan Smith,24.6,1187.2,1153.8,1079.3,-,1170.5,1133.2,1293.6,2019 Champaign-Urbana CH R16,21.3,1399
Kasidit Samrej,22,1181.6,1150.4,-,-,1166,1200.8,1290.8,2022 Davis Cup WG2 R1,21.6,1279.9
Conner Huertas Del Pino,27.1,1165.8,-,1148.4,-,1192.9,1157.1,1282.9,2022 Buenos Aires CH R32,26.4,1167.5
Rodrigo Pacheco Mendez,17.9,1142.9,1144.1,1090,-,1143.5,1116.5,1271.5,2022 Acapulco Qual,16.8,1210.6
Wilson Leite,31.4,1112.3,1060.8,1112.2,-,1086.6,1112.3,1256.2,2013 Rio de Janeiro CH R32,21.7,1394
Daniel Rincon,20.2,1109.6,1110.1,1090.2,1323.7,1109.8,1099.9,1216.6,2021 Mallorca Qual,18.4,1211.9
Naoki Nakagawa,26.4,1072,1075.5,1027.7,-,1073.8,1049.9,1236,2014 Sarasota CH R32,17.3,1205.6
